criterion,result,value
starting_head,PASS,cb1c77aefa7fc5691868583f4c144ca349aefc09
worktree,PASS,clean
loss_contract_v4,PASS,76f479de8d3617c0a2d659615be6063466db2d9ec423e6366c16f83c9f700eb4
loss_implementation_contract,PASS,911691d8ab765042b1b0189517557472489849e07c0db0c30f81995b1afde9af
search_space_v5,PASS,fd40effe794a4874913df990b003e5d78396215835accfc6bd0acb8d0800dbce
configuration_grid_v4,PASS,9675c2fbb4eb463c8f7830f2924eb4856498d1edf2318cb55b165a3d202d1615
r2_search_protocol_v4,PASS,02479b05ae9a511e6d09a300aa12f9c761a7e7d78bb0ee97a9a63c6a56dc59d5
feature_caches,PASS,0
trained_configurations,PASS,0
scientific_epoch_rows,PASS,0
official_dev_evaluations,PASS,0
test_scoring,PASS,0
